country,year,inflation_period_average,wb_unemployment_rate,min_wage_monthly,informal_employment_rate,working_poverty_rate,cpi_rank,cpi_score,education_level,employment_rate,gdp_growth,net_migration,political_stability,rule_of_law,epi_score,gpi_rank,gpi_score,happiness_score,social_support_score,ilo_unemployment_rate,hdi_score,avg_education_length,life_expectancy,uk_imports,uk_exports,real_gdp_growth,gdp_current_usd,fdi_net_outflows_pct_gdp,fdi_net_inflows_pct_gdp,gdp_per_capita_current_usd,Inflation_Period_Average,asylum_applications,EPS,SSS,GRS,MRI,ESS,HCM,DTR,MWI,MOS
Brazil,2012,5.4,5.067,372.723,45.142,2.009,69,43,11.96000004,59.739,1.921175986,-179707,0.045961641,-0.076932795,469,96,2.143,6.782,1.363464117050171,7.251,0.732,7.215769768,73.552,3271,4477,-3.478824014,2.46523E+12,0.084505969,3.754962856,12521.72135,5.4,24,0.54174223,0.447645199,0.491591838,0.669335868,0.386423204,0.342335766,0.014483325,0.247722657,0.147009787
Brazil,2013,6.2,4.975,375.636,44.144,0.905,72,42,12.63000011,59.766,3.004822669,-157228,-0.258553296,-0.092045203,501,109,2.186,6.849,1.363464117050171,7.071,0.75,7.287489891,73.918,3836,4447,-3.195177331,2.47282E+12,0.63261809,3.041509016,12458.89121,6.2,24,0.538768042,0.410654185,0.507751769,0.713563359,0.388762377,0.371153,0.015599281,0.258479035,0.140144503
Brazil,2014,6.3,4.711,376.71,44.837,0.578,69,43,13.15999985,59.714,0.50395574,-145732,-0.070290133,-0.05296576,500,108,2.164,6.892,1.363464117050171,6.755,0.753,7.379069805,74.306,3614,4085,-5.79604426,2.45604E+12,0.839026343,3.57135267,12274.99397,6.3,21,0.522723865,0.407891756,0.519941995,0.680378666,0.369490545,0.377394434,0.014669256,0.253826027,0.134448919
Brazil,2015,9,6.043,372.769,45.041,1.048,76,38,13.56000042,58.787,-3.545763393,-173611,-0.331864446,-0.187332958,510,120,2.234,6.983,1.363464117050171,8.538,0.752,7.506820202,74.332,3463,4019,-12.54576339,1.80221E+12,0.173896122,3.592149318,8936.196618,9,23,0.571191536,0.468778483,0.511358824,0.756326323,0.310660232,0.394418481,0.014244666,0.239750482,0.165720527
Brazil,2016,8.7,8.213,384.133,36.911,1.718,79,40,15.35000038,56.845,-3.275916908,-92989,-0.38103506,-0.201301992,507,129,2.358,6.952,1.363464117050171,11.58,0.753,7.731040001,74.442,3264,3370,-11.97591691,1.79569E+12,0.818262251,4.137378039,8836.286526,8.7,42,0.602760089,0.536967775,0.48162039,0.753113728,0.293139158,0.409297042,0.012964904,0.238443188,0.182158451
Brazil,2017,3.4,9.276,393.789,38.194,2.198,96,37,15.72999954,56.271,1.322869054,-156296,-0.479947567,-0.305428565,519,128,2.422,6.635,1.363464117050171,12.792,0.758,7.851759911,74.827,3237,3287,-2.077130946,2.06351E+12,1.034182606,3.338259817,10080.50928,3.4,34,0.633452953,0.549589086,0.443667731,0.794627557,0.357894667,0.427245759,0.012682866,0.265914503,0.183769225
Brazil,2018,3.7,8.926,406.83,38.691,2.228,105,35,16.54000092,56.549,1.783666762,-230334,-0.459598511,-0.302342951,509,131,2.47,6.419,1.363464117050171,12.329,0.762,7.982019901,75.109,3261,3572,-1.916333238,1.91693E+12,0.105614994,4.078588214,9300.661649,3.7,70,0.641825638,0.540432739,0.417466173,0.802702913,0.362144815,0.429862303,0.01323395,0.268386848,0.186719395
Brazil,2019,3.7,8.679,426.588,38.913,2.348,106,35,17.978433434195267,57.142,1.220777824,-129216,-0.714224637,-0.224319816,501,135,2.575,6.3,1.363464117050171,11.936,0.764,8.128813955,75.338,3398,3897,-2.479222176,1.87329E+12,1.218157699,3.692673213,9029.833267,3.7,208,0.659276763,0.539431019,0.385068752,0.823665824,0.364699976,0.435197329,0.013942671,0.271252864,0.194011949
Brazil,2020,3.2,10.364,445.834,36.73,2.553,94,38,18.918924672183948,52.195,-3.276758796,-78437,-0.44689092,-0.231919765,490,136,2.568,6.3755998611450195,1.363464117050171,13.697,0.758,8.278307638,74.009,2908,3279,-6.476758796,1.47611E+12,-0.234891709,2.592637953,7074.193783,3.2,199,0.661225437,0.594976465,0.386980699,0.775878933,0.280903002,0.438548078,0.011843711,0.243740554,0.208742442
Brazil,2021,8.3,10.077,449.005,38.276,2.661,96,38,19.85941591,54.238,4.762604379,-208581,-0.419879764,-0.301417381,497,135,2.558,6.330100059509277,0.9439684152603148,13.158,0.756,8.278307638,72.75,3291,3228,-3.537395621,1.67065E+12,0.972038153,2.779790849,7972.53665,8.3,146,0.650292176,0.552569304,0.382884793,0.781387123,0.324769796,0.443657567,0.012645894,0.260331717,0.19498023
Brazil,2022,9.3,6.926,488.939,37.634,0.801,94,38,21.27837944,57.663,3.016694354,-253639,-0.395036936,-0.257879138,505,132,2.594,6.292799949645996,1.04419744,9.231,0.76,8.278307638,73.425,4472,4915,-6.283305646,1.95192E+12,1.70880594,3.822196153,9281.333344,9.3,714,0.613860495,0.44461642,0.375732472,0.772881713,0.343158506,0.449496983,0.017769134,0.270114527,0.171872984
Brazil,2023,4.6,6.062,522.85,37.035,0.558,104,36,21.84720421,57.915,2.908480487,-240059,-0.408567786,-0.308802843,487,131,2.574,6.124599933624268,1.250219464302063,7.947,0.7659272727272728,8.545353735800006,73.9906,4824,6375,-1.691519513,2.17367E+12,1.156953403,2.954793452,10294.86668,4.6,2175,0.612393612,0.416856671,0.371370779,0.791878681,0.378965748,0.456686716,0.020483537,0.285350129,0.163521741
Brazil,2024,4.3,5.181,559.319,36.504,0.544,107,34,22.68088962413799,57.915,2.908480487,-208630.3636,-0.408567786,-0.308802843,466,131,2.589,6.271999835968018,1.268777609,7.947,0.7678545454545458,8.667795928918167,73.95860909090909,3983.484848484848,4471.454545454559,-3.605805986,1670355757575.7656,1.1782082763939457,3.152995018621212,7731.232823000057,4.3,2669,0.611845318,0.416488093,0.383575115,0.80280655,0.365207344,0.450678947,0.015975276,0.27725946,0.167292929
Colombia,2012,3.2,7.527,475.177,66.953,2.892,94,36,17.09000015,61.293,3.912635767,-56070,-1.401810408,-0.325919122,451,151,2.767,6.278,1.3344509601593018,9.959,0.739,7.625860214,75.597,1072,694,0.7126357669999996,3.70691E+11,-0.163532931,4.057280413,8108.598382,3.2,15,0.703264428,0.508032692,0.312279238,0.91425083,0.433845965,0.360414501,0.004339982,0.266173529,0.21854545
Colombia,2013,2,7.043,480.326,65.045,3.668,94,36,18.59000015,61.053,5.13399352,-64789,-1.291971803,-0.388269097,471,150,2.736,6.416,1.3344509601593018,9.246,0.75,7.833469868,75.827,942,572,3.13399352,3.82094E+11,2.002671246,4.24252458,8279.102556,2,11,0.691836771,0.510849172,0.343963124,0.908831837,0.448577329,0.390816964,0.003905109,0.281071691,0.20538254
Colombia,2014,2.9,6.651,489.346,63.429,3.082,94,37,19.70999908,61.096,4.499030001,-67522,-1.114594102,-0.25229153,485,150,2.771,6.378,1.3344509601593018,8.799,0.755,7.992390156,76.043,842,553,1.5990300010000005,3.81241E+11,1.022697695,4.241072567,8187.208249,2.9,7,0.672373558,0.490665198,0.338069495,0.864726702,0.438023842,0.413133473,0.003656584,0.284909472,0.193732043
Colombia,2015,5,6.624,488.344,63.208,2.667,83,37,19.52000046,61.275,2.955901375,-41123,-1.072663784,-0.24723582,465,148,2.818,6.477,1.3344509601593018,8.572,0.758,8.047450066,76.257,724,695,-2.044098625,2.93492E+11,1.437085548,3.959398549,6248.514905,5,17,0.667272152,0.482802228,0.339799,0.859013431,0.413832338,0.402726272,0.003557026,0.273344542,0.196963805
Colombia,2016,7.5,6.919,491.308,62.419,2.646,79,40,20.13999939,60.492,2.087382502,104373,-0.887163997,-0.266068161,484,146,2.743,6.481,1.3344509601593018,8.922,0.763,8.221500397,76.471,613,579,-5.412617498,2.8272E+11,1.597817741,4.901645729,5959.842504,7.5,15,0.650623872,0.492102538,0.362585085,0.822549369,0.380906352,0.429844164,0.00327283,0.271313981,0.189654946
Colombia,2017,4.3,7.14,502.778,62.192,2.579,96,37,21.21740553976838,60.015,1.359360868,431072,-0.779457808,-0.366633266,500,148,2.853,6.357,1.3344509601593018,9.086,0.765,8.362985134,76.646,666,885,-2.940639132,3.11867E+11,1.183057378,4.393182328,6479.532313,4.3,7,0.668733676,0.496396394,0.328601422,0.838606697,0.393363455,0.452293275,0.003752474,0.283108088,0.192812794
Colombia,2018,3.2,7.334,533.485,62.421,2.311,99,36,21.25,59.131,2.564324283,495524,-0.806941986,-0.383742154,489,150,2.877,6.26,1.3344509601593018,9.36,0.766,8.504469872,76.748,617,625,-0.635675717,3.34198E+11,1.533915336,3.380835732,6816.968183,3.2,19,0.674180439,0.488595363,0.315409558,0.849557786,0.400089809,0.455034357,0.003145071,0.286061137,0.194059651
Colombia,2019,3.5,8.276,553.871,61.95,2.858,96,37,21.62999916,57.71,3.186855392,396826,-0.979486108,-0.391183972,488,151,2.851,6.125,1.3344509601593018,10.28,0.768,8.643030167,76.752,616,1061,-0.313144608,3.23032E+11,0.97621889,4.330582409,6472.545449,3.5,32,0.69014514,0.515856718,0.311130676,0.865916441,0.386590552,0.464852091,0.003880345,0.285079152,0.202532994
Colombia,2020,2.5,13.48,594.303,63.604465164410705,6.196,92,39,22.54000092,53.279,-7.185914138,227130,-0.70115006,-0.491402626,448,148,2.826,6.163400173187256,1.3344509601593018,15.983,0.756,8.862859726,74.769,493,644,-9.685914138,2.70348E+11,0.641190771,2.75889429,5339.687114,2.5,15,0.757978011,0.747326792,0.30712465,0.833959307,0.269904249,0.452389153,0.002814591,0.241678494,0.258149758
Colombia,2021,3.5,11.754,587.41,63.242,4.569,96,38,24.450856784397956,55.389,10.80119819,199070,-0.954574347,-0.470828503,465,151,2.89,6.012400150299072,0.8656936287879944,13.898,0.752,8.862859726,72.83,537,621,7.301198189999999,3.18525E+11,0.998608409,3.001756938,6222.621644,3.5,8,0.727030823,0.588292686,0.274478389,0.867496302,0.415481142,0.464797912,0.002911976,0.294367571,0.216331626
Colombia,2022,10.2,8.754,636.886,58.151,3.365,91,39,26.41271591,56.498,7.288883887,183180,-0.629958332,-0.427760243,477,151,2.936,5.780600070953369,0.9286164045333862,10.547,0.758,8.862859726,73.659,832,1019,-2.911116113,3.4533E+11,0.979789215,4.975683423,6674.596019,10.2,192,0.694319333,0.515338545,0.249477519,0.817305288,0.354427399,0.473557036,0.004385548,0.277428915,0.208445209
Colombia,2023,11.7,7.976,742.108,56.506,3.369,87,40,26.9080658,57.646,0.610409566,154521,-0.71731323,-0.458272934,480,146,2.865,5.630400181,1.2133201360702517,9.594,0.7643090909090908,9.132053843581843,74.27810909090908,825,987,-11.08959043,3.63494E+11,0.323200565,4.716592169,6947.359287,11.7,1426,0.698853519,0.529199769,0.258696943,0.82626741,0.308425434,0.496238751,0.004290851,0.269624713,0.214614403
Colombia,2024,6.7,8.074,741.39,56.143,3.291,92,39,26.875945217870367,57.646,0.610409566,361185.1364,-0.71731323,-0.458272934,485,146,2.887,5.695099830627441,1.2406914234161377,9.594,0.7654818181818182,9.262854710663646,74.05780909090907,571.6515151515196,941.2424242424313,-5.605365952,312748696969.69727,0.8281681558939482,3.999217540484846,5819.679352772713,6.7,2051,0.699245529,0.527146261,0.260931224,0.831731344,0.347841781,0.509845374,0.003570143,0.287057057,0.206094236
Guyana,2012,2.4,9.854,290.785,52.464,5.233,133,28,5.779468536,48.977,5.27633062,-7152,-0.49961406,-0.518265724,1,88,2.11,6.519,1.407,12.038,0.669,7.555412096,67.23,71,70,2.8763306200000005,4063088536,0.580007929,6.839870644,5444.397519,2.4,6,0.688627832,0.598919498,0.405893143,0.873063749,0.312305715,0.525854681,0.001613478,0.279896632,0.2043656
Guyana,2013,1.9,9.854,290.785,52.464,4.974,136,27,5.779468536,48.641,3.653384333,-6907,-0.456606746,-0.524507463,1,89,2.092,6.343500000000001,1.407,12.303,0.674,7.6987303,67.473,75,61,1.753384333,4167800929,0.580007929,4.812091398,5556.912312,1.9,11,0.69280039,0.603893385,0.399395247,0.874110893,0.300494783,0.536764529,0.001341472,0.279505641,0.206647374
Guyana,2014,0.7,9.854,290.733,52.464,4.663,124,30,5.779468536,48.273,1.68649445,-6710,-0.136097595,-0.614713907,1,102,2.123,6.168,1.407,12.639,0.682,7.842048505,67.882,70,66,0.98649445,4127660152,0.580007929,5.759923051,5472.688205,0.7,4,0.685080807,0.610249921,0.385123135,0.83032118,0.290886712,0.547674378,0.001462788,0.279979959,0.202550424
Guyana,2015,-0.9,9.854,297.449,52.464,4.646,119,29,5.779468536,47.908,0.687404591,-6527,-0.139641345,-0.541080117,1,111,2.178,6.168,1.407,13.004,0.686,7.985366709,68.201,70,67,1.587404591,4279840194,0.580007929,3.217409851,5640.415606,-0.9,7,0.690037708,0.620496749,0.377090914,0.826914321,0.291142719,0.558584226,0.001127858,0.283589906,0.203223901
Guyana,2016,0.8,9.854,299.923,52.464,4.193,108,34,5.779468536,47.63,3.807456264,-6309,-0.034218926,-0.313425392,1,112,2.2,6.168,1.407,13.257,0.693,8.128684913,68.384,32,101,3.007456264,4482697337,0.580007929,3.628485801,5870.878238,0.8,7,0.65898602,0.598873347,0.379801143,0.758083571,0.298254489,0.569494075,0.001145715,0.289602463,0.184691778
Guyana,2017,1.9,9.854,381.27,52.464,4.109,91,38,5.779468536,47.399,3.734491546,-6107,-0.049440186,-0.299223602,1,102,2.141,6.192,1.407,13.462,0.699,8.272003118,68.667,72,126,1.834491546,4748174334,0.000210607,6.894095039,6178.665044,1.9,6,0.644886875,0.600477511,0.4018998,0.7362764,0.287252834,0.580403924,0.001701454,0.289757092,0.177564892
Guyana,2018,1.3,9.854,390.61,52.464,4.069,93,37,5.779468536,47.421,4.440912885,30213,-0.191837907,-0.383601844,1,110,2.193,6.192,1.407,13.627,0.704,8.415321322,68.896,39,261,3.1409128850000005,4787636998,0.000208871,24.65528603,6048.386972,1.3,3,0.657617889,0.599061709,0.395641891,0.769631156,0.296887261,0.591313772,0.004167273,0.297426357,0.180095766
Guyana,2019,2.1,9.218,404.295,51.168,3.851,85,40,6.021264553,44.537,5.352840035,-20603,-0.254073828,-0.445168942,1,107,2.182,6.192,1.407,13.172,0.711,8.558639526,69.124,41,482,3.2528400349999997,5173760192,0.197148681,32.76494898,6405.824434,2.1,10,0.648012265,0.581487805,0.40580395,0.768547364,0.265589478,0.602223621,0.005554621,0.291093461,0.178459402
Guyana,2020,1.2,9.854,427.534,52.464,2.413,83,41,5.779468536,42.907,43.47965172,-1743,-0.13755472,-0.433576524,1,108,2.169,6.1346,1.407,15.334,0.727,8.627408726,68.486,32,555,42.27965172,5471256595,0.247846784,23.65969314,6775.709391,1.2,3,0.57853796,0.409311326,0.421041109,0.747517244,0.527940127,0.607458557,0.004432635,0.379905778,0.099316091
Guyana,2021,3.3,9.854,444.401,52.464,1.966,87,39,5.779468536,43.419,20.06002806,-689,-0.137113199,-0.416621566,1,114,2.288,6.0772,1.407,14.557,0.721,8.627408726,65.673,29,362,16.76002806,8041363893,0.030425436,27.81249257,9860.872334,3.3,2,0.621049703,0.489424851,0.382339733,0.756250325,0.350224035,0.607458557,0.00470449,0.320763614,0.150143044
Guyana,2022,6.5,9.854,615.495,52.464,1.306,85,40,5.779468536,44.182,63.33458716,-6161,0.020733567,-0.3134377,1,116,2.313,6.0198,1.407,12.013,0.742,8.627408726,65.989,693,441,56.83458716,14718387017,0.018779714,2.990205147,17913.49101,6.5,7,0.51952271,0.234553654,0.394480366,0.718650714,0.646741913,0.607458557,0.003003653,0.419026134,0.050248288
Guyana,2023,4.5,9.854,623.249,52.464,0.954,87,40,5.779468536,43.842,33.80261709,-6161,-0.055172037,-0.342232913,1,112,2.277,5.962400000000001,1.407,12.025,0.7415818181818175,8.914255309363654,67.31490909090908,477,856,29.30261709,17159509565,0.040210939,0.040210939,20765.35036,4.5,28,0.564142294,0.358024524,0.396902555,0.731474171,0.445078901,0.629294253,0.002716993,0.358994146,0.102574074
Guyana,2024,2.7,9.854,624.424,52.464,0.944,92,39,5.779468536,43.842,33.80261709,-1985.272727,-0.055172037,-0.342232913,1,111,2.286,5.905,1.532,12.025,0.748390909,9.031200396272737,67.23095454545455,358.6818181818235,693.1515151515196,38.687831415409164,13006648710.287842,0.580007929,18.07190977474238,15712.829767469782,2.7,27,0.565813012,0.357761254,0.397090562,0.736938105,0.512532534,0.638196494,0.004611489,0.385074994,0.090369009
Indonesia,2012,4,2.155,290.879,84.314,12.225,118,32,8.369783401,64.404,6.030050653,-28869,-0.593262792,-0.58356905,533,31,1.681,5.214,1.1548008918762207,4.468,0.682,7.608673414,68.973,1434,1040,2.030050653,9.1787E+11,0.815426294,2.309780318,3632.27254,4,2,0.707894032,0.650807947,0.397703195,0.870789733,0.477943519,0.4189602,0.005396814,0.300736768,0.203578632
Indonesia,2013,6.4,1.992,317.672,84.314,12.66,114,32,8.73048687,63.862,5.557263689,-27507,-0.519264638,-0.533516586,534,30,1.655,5.348,1.1548008918762207,4.336,0.687,7.70258681,69.264,1367,1088,-0.842736311,9.12524E+11,1.217686934,2.551356334,3566.602845,6.4,5,0.698709225,0.662135927,0.421311033,0.855512416,0.451263075,0.426839121,0.005347612,0.294453821,0.202127702
Indonesia,2014,6.4,1.748,231.0273983169609,84.314,11.342,107,34,8.649999619,63.926,5.006668426,-27988,-0.416824043,-0.31091845,527,37,1.748,5.243,1.1548008918762207,4.049,0.69,7.796500206,69.533,1346,1016,-1.393331574,8.90815E+11,1.16607114,2.819972604,3441.068085,6.4,5,0.678297857,0.625024433,0.394000336,0.804072984,0.448018217,0.428878626,0.005235555,0.294014728,0.192141564
Indonesia,2015,6.4,2.071,229.636,84.314,9.899,88,36,9.25,63.574,4.8763223,-28487,-0.619956315,-0.42454946,529,33,1.687,5.399,1.1548008918762207,4.514,0.698,7.914480209,69.699,1285,1017,-1.5236777,8.60854E+11,1.054144745,2.297616394,3288.222697,6.4,5,0.665533095,0.595531737,0.430813827,0.832081054,0.443163227,0.439319502,0.00503264,0.295808873,0.184862111
Indonesia,2016,3.5,2.075,249.161,84.314,7.811,90,37,9.399999619,63.462,5.033069183,-28991,-0.379699737,-0.338994503,529,34,1.701,5.314,1.1548008918762207,4.301,0.701,7.976150036,69.798,1600,1091,1.5330691830000005,9.31877E+11,-1.244176833,0.487372471,3521.469435,3.5,11,0.633202043,0.536233176,0.423171064,0.786733996,0.463886061,0.44401401,0.005595281,0.304468001,0.164367021
Indonesia,2017,3.8,1.77,257.126,84.237,5.039,96,37,11.03689957,64.171,5.069785901,-29467,-0.504938722,-0.351397455,522,34,1.725,5.262,1.1548008918762207,3.783,0.708,8.239589691,69.936,1439,1567,1.2697859010000003,1.01562E+12,0.197738766,2.019489198,3798.883262,3.8,29,0.61229168,0.454275875,0.420675031,0.803457902,0.469885769,0.458958406,0.006109054,0.311619911,0.150335884
Indonesia,2018,3.3,2.153,273.576,82.406,5.166,89,38,9.989999771,64.684,5.17429154,-29911,-0.55203402,-0.314401388,516,33,1.738,5.093,1.1548008918762207,4.387,0.712,8.162039757,70.338,1490,1537,1.87429154,1.04227E+12,0.613968177,1.814289794,3860.953531,3.3,21,0.619862923,0.467427779,0.406674388,0.799021357,0.479940765,0.44867549,0.006152861,0.311558546,0.154152188
Indonesia,2019,2.8,1.759,291.354,80.063,3.93,85,40,11.49409771,65.788,5.01928768,-30421,-0.502143025,-0.347653896,501,43,1.816,5.192,1.1548008918762207,3.59,0.718,8.359274864,70.518,1531,1471,2.21928768,1.1191E+12,0.398756295,2.233362043,4106.948562,2.8,39,0.60113404,0.422021848,0.404694311,0.786254942,0.494709115,0.452740764,0.006206562,0.317853692,0.141640174
Indonesia,2020,2,2.372,464.741,84.314,3.31,102,37,11.02999973,64.533,-2.065511829,-18743,-0.462311387,-0.365602732,453,42,1.814,5.285600185394287,1.1548008918762207,4.255,0.712,8.556509972,68.808,1237,1405,-4.065511829,1.05905E+12,0.475197656,1.81058402,3853.702888,2,43,0.613865088,0.448809635,0.407123058,0.800092866,0.435569267,0.432718447,0.005406306,0.291202217,0.161331436
Indonesia,2021,1.6,2.119,467.594,84.314,3.347,96,38,12.18407917,63.347,3.702885628,-11248,-0.531449199,-0.253444284,466,41,1.811,5.3445000648498535,0.7858453989028931,3.827,0.707,8.556509972,67.57,1351,1363,2.102885628,1.18651E+12,0.330947672,1.787855631,4287.17314,1.6,22,0.599187849,0.416613635,0.407701658,0.788831345,0.466701378,0.442207498,0.005597063,0.304804829,0.14719151
Indonesia,2022,4.1,1.672,518.788,80.164,2.551,110,34,12.11260891,64.698,5.307419348,-37501,-0.553894222,-0.188130319,466,44,1.848,5.239600182,0.882904053,3.462,0.713,8.556509972,68.25,2047,1575,1.2074193480000002,1.31908E+12,0.502990001,1.872676381,4730.745489,4.1,123,0.5969617,0.382245829,0.396336265,0.805154642,0.475303641,0.442207498,0.007448613,0.308289085,0.144336307
Indonesia,2023,3.7,1.673,953.028,81.188,2.127,115,34,11.67626381,64.751,5.048105771,-37501,-0.404375315,-0.153604463,473,44,1.838,5.276899814605713,1.1686501502990725,3.308,0.721745455,8.757732287563641,68.76856363636367,1571,1869,1.3481057710000002,1.37117E+12,0.517913084,1.610733602,4876.314327,3.7,229,0.580184347,0.369626534,0.411597557,0.782698136,0.476904737,0.462634685,0.006771394,0.315405395,0.132389476
Indonesia,2024,2.5,1.673,652.9925455820339,84.314,2.029,99,37,12.728934837121187,64.751,5.048105771,-28592.19697,-0.404375315,-0.153604463,468,48,1.857,5.568299770355225,1.1842628717422483,3.308,0.7249454545454546,8.862372139990924,68.67412727272728,1639.969696969696,1767.9696969697252,1.0567316331363656,1331648060606.0469,0.20615028289394388,1.5491775926060711,4703.0233874242695,2.5,187,0.565240626,0.367046487,0.437461351,0.766306332,0.474810566,0.466950577,0.006774357,0.316146882,0.124546872
Japan,2012,0,4.031,1152.33,26.619,0.095,17,74,42.31949234,56.44,1.374750999,67904,0.948442876,1.351365805,551,15,1.516,6.129,1.3323386907577517,4.358,0.906,12.55776577,83.175,10956,9269,1.374750999,6.27236E+12,1.875407291,0.008720202,49145.28043,0,0,0.265471922,0.350481646,0.76432534,0.210339109,0.384585278,0.808839921,0.037747864,0.410349982,-0.07243903
Japan,2013,0.3,3.801,1242.388,26.619,0.095,18,74,42.31949234,56.853,2.005100177,66449,1.019141912,1.435884833,532,11,1.47,6.064,1.3323386907577517,4.038,0.909,12.57169886,83.411,10270,9528,1.705100177,5.21233E+12,2.986853415,0.204293384,40898.6479,0.3,2,0.253726559,0.342207794,0.772060063,0.191108073,0.391556735,0.79603194,0.036616543,0.408027599,-0.07715052
Japan,2014,2.8,3.356,1238.303,26.619,0.095,15,76,42.31949234,57.31,0.296205514,58109,0.968597353,1.597873688,529,15,1.477,5.989,1.3323386907577517,3.589,0.91,12.58563194,83.653,10328,9689,-2.503794486,4.89699E+12,2.816512085,0.403354543,38475.39525,2.8,2,0.247760996,0.342237015,0.764718597,0.165838905,0.366393402,0.79490279,0.036997381,0.399391248,-0.075815126
Japan,2015,0.8,3.207,1269.424,26.619,0.095,18,75,40.29999924,57.485,1.560626697,168896,1.054220557,1.485073805,536,15,1.509,5.987,1.3323386907577517,3.385,0.913,12.59956503,83.893,10199,9672,0.760626697,4.44493E+12,3.113997056,0.118161988,34960.63938,0.8,0,0.249200837,0.333091371,0.760600331,0.175186238,0.391803478,0.801072911,0.036649844,0.409801094,-0.080300128
Japan,2016,-0.1,2.954,1241.23,26.619,0.095,20,72,43.6879921,58.107,0.753826746,314732,0.968189001,1.383732319,517,17,1.523,5.921,1.3323386907577517,3.132,0.914,12.61349812,84.066,12765,10562,0.853826746,5.00368E+12,3.569582259,0.818481615,39375.47316,-0.1,4,0.264872003,0.332407207,0.752501092,0.214789362,0.399396901,0.788264931,0.043679501,0.410406066,-0.072767032
Japan,2017,0.5,2.666,1267.308,26.619,0.094,20,73,44.38158035,58.738,1.675331752,322564,1.100128055,1.529455066,523,12,1.47,5.92,1.3323386907577517,2.822,0.916,12.6274312,84.198,14433,11656,1.175331752,4.93084E+12,3.523747062,0.381319638,38834.05293,0.5,4,0.24375957,0.322970532,0.766571493,0.174952806,0.408731383,0.793705124,0.048854373,0.41705525,-0.08664784
Japan,2018,1,2.356,1325.184,26.619,0.094,18,73,45.31137466,59.93,0.643391023,320601,1.037562728,1.493853688,518,12,1.49,5.915,1.3323386907577517,2.467,0.917,12.64136429,84.297,15213,13425,-0.356608977,5.04088E+12,3.178379096,0.501685482,39751.1331,1,7,0.248604321,0.321561174,0.76269493,0.187021307,0.41098931,0.791116121,0.053081819,0.41835391,-0.084874795
Japan,2019,0.5,2.2,1345.648,26.619,0.094,20,73,46.00580215,60.55,-0.402169201,318190,1.019812346,1.496434569,515,13,1.46,5.886,1.3323386907577517,2.351,0.918,12.65529737,84.426,15874,13936,-0.902169201,5.11799E+12,5.046593108,0.780785313,40415.95676,0.5,7,0.248378068,0.324279646,0.76791457,0.188843649,0.413969558,0.789986972,0.055301081,0.419710562,-0.085666247
Japan,2020,0,2.635,1383.735,26.619,0.094,19,74,46.45357132,60.207,-4.147118899,42001,1.02614522,1.471480489,487,13,1.478,5.870800018310547,1.3323386907577517,2.809,0.917,12.66923046,84.688,12530,12806,-4.147118899,5.05559E+12,2.969352294,1.237931782,40040.76551,0,3,0.257734554,0.348879367,0.761363247,0.18576487,0.386829396,0.770609648,0.046363146,0.40122727,-0.071746358
Japan,2021,-0.2,2.634,1472.894,26.619,0.094,18,73,46.93632126,60.367,2.559320239,-34996,1.015501738,1.540328145,468,14,1.462,5.940499782562256,0.94925034,2.828,0.92,12.66923046,84.784,11778,13068,2.759320239,5.03462E+12,4.164997692,0.695725962,40058.53733,-0.2,2,0.24273816,0.319105455,0.774639896,0.183821751,0.438248501,0.756741034,0.044992138,0.413285892,-0.085273866
Japan,2022,2.5,2.451,1616.21,26.619,0.094,18,73,47.50991821,60.875,0.954736938,175003,1.032637239,1.557969213,475,13,1.46,6.038899898529053,1.0893537998199463,2.6,0.92,12.66923046,84.82,13804,13628,-1.545263062,4.25641E+12,4.108185939,1.127819293,34017.27181,2.5,3,0.239262097,0.322426977,0.784088767,0.179519866,0.412965122,0.761850524,0.050326195,0.408339775,-0.084538839
Japan,2023,3.3,2.445,1708.562,26.619,0.094,16,73,48.65151215,61.265,1.679019523,175003,0.951136231,1.535539389,457,13,1.474,6.129000186920166,1.3963241577148438,2.6,0.9226181818181818,12.696589974181816,85.11658182,13224,14374,-1.620980477,4.20449E+12,4.33035119,0.475297449,33766.52683,3.3,8,0.239761217,0.319176537,0.792037548,0.192216599,0.416762071,0.750794533,0.050001079,0.405811976,-0.083025379
Japan,2024,2.2,2.405,1780.65,26.619,0.094,20,71,42.31949234,61.265,1.679019523,186142.7575757578,0.951136231,1.535539389,454,17,1.525,6.059800148010254,1.3543787002563477,2.6,0.9239636363636365,12.708749758363634,85.28130000000002,14629.636363636353,15079.924242424313,-1.492623258,4345012878787.875,4.607713562363699,1.0422709801363794,34813.66613333346,2.2,6,0.248858929,0.319176537,0.775669551,0.203144468,0.417684603,0.749530394,0.054182601,0.407091819,-0.079116445
Jordan,2012,4.5,13.347,573.334,44.722,0.048,58,48,22.84000015,33.364,2.429358001,-146181,-0.523977637,0.350899756,464,65,1.968,5.764,1.1401185989379885,12.2,0.736,9.913568633,74.366,76,350,-2.070641999,31634561690,0.017105556,4.894806887,4169.504701,4.5,22,0.564107872,0.477947109,0.442415459,0.656961216,0.102960116,0.54405137,0.001760194,0.216235601,0.173936136
Jordan,2013,4.8,13.347,539.435,44.722,0.023,66,45,22.84000015,32.425,2.609947375,609631,-0.606315255,0.375341713,464,66,1.973,5.414,1.1401185989379885,12.6,0.738,10.06758281,74.562,93,538,-2.190052625,34454440141,0.045473401,5.649771687,4311.219167,4.8,32,0.583954324,0.483284691,0.411477781,0.680231265,0.091649738,0.555775431,0.002161575,0.216507262,0.183723531
Jordan,2014,2.9,13.347,516.537,44.722,0.01,55,49,22.84000015,32.068,3.384078099,635528,-0.540025532,0.467034489,478,59,1.927,5.296,1.1401185989379885,11.9,0.737,10.22159699,74.789,65,533,0.484078099,36847643521,0.226283892,5.912048902,4191.180501,2.9,45,0.565393659,0.467557426,0.409978938,0.638772125,0.106895493,0.577718471,0.002127186,0.228890825,0.168251417
Jordan,2015,-0.9,13.347,512.398,44.722,0.053,45,53,22.84000015,32.735,2.496528793,490844,-0.60686487,0.414704382,473,72,1.982,5.192,1.1401185989379885,13.075,0.738,10.37561117,75.011,84,453,3.396528793,38587017887,0.002555045,4.147202292,4042.756781,-0.9,37,0.57832016,0.492665874,0.389146824,0.631614943,0.135252403,0.585792897,0.001823575,0.240932196,0.168693982
Jordan,2016,-0.8,13.347,521.587,44.722,0.06,57,48,22.84000015,32.988,1.994180849,31046,-0.496246248,0.245897457,458,72,1.989,5.303,1.1401185989379885,15.275,0.74,10.52962535,75.215,100,530,2.794180849,39892551127,0.008120405,3.892851429,3986.71677,-0.8,47,0.599771984,0.532538747,0.3999092,0.666866353,0.133739374,0.586568053,0.001933453,0.240722885,0.179524549
Jordan,2017,3.3,13.347,652.699,44.722,0.06,59,48,22.84000015,32.937,2.473598154,12873,-0.434586674,0.235927597,474,89,2.063,5.336,1.1401185989379885,18.12,0.744,10.68363953,75.502,262,604,-0.826401846,41608435915,0.015909558,4.878141332,4065.616287,3.3,23,0.616223515,0.578796368,0.390603897,0.660662961,0.107149748,0.609970946,0.002526743,0.239858491,0.188182512
Jordan,2018,4.5,13.256,638.186,48.526,0,58,49,22.84000015,32.024,1.919070913,32062,-0.37985456,0.231425077,471,80,2.027,5.161,1.1401185989379885,18.257,0.742,10.3508997,75.774,75,417,-2.580929087,43370860704,-0.017536276,2.201776866,4145.439897,4.5,51,0.61681891,0.582036485,0.380538238,0.649143546,0.084376831,0.582451925,0.001495757,0.22275256,0.197033175
Jordan,2019,0.8,12.221,643.51,52.589,0.039,60,48,22.84000015,32.649,1.751240779,-23156,-0.276885152,0.132250652,472,63,1.94,4.906,1.1401185989379885,16.801,0.744,10.39878988,76.044,91,468,0.951240779,44503006338,0.097477194,1.639705651,4170.1144,0.8,75,0.611489102,0.559041831,0.379061712,0.654670652,0.116720293,0.586827409,0.001528441,0.235001878,0.188243612
Jordan,2020,0.3,14.578,646.974,53.474,0.044,60,49,22.69000053,32.272,-1.102751883,6745,-0.268401831,0.186624512,456,73,2.001,4.633399963378906,1.1401185989379885,19.213,0.74,10.44668007,75.184,171,455,-1.402751883,43700383099,0.060269559,1.739759783,4022.040136,0.3,84,0.639389883,0.613023069,0.335974354,0.641312769,0.095605179,0.578794134,0.001700769,0.225344157,0.207022863
Jordan,2021,1.3,14.986,755.57,51.527,0.1,58,49,22.84000015,30.999,3.65564191,6573,-0.312566459,0.182595566,440,66,1.983,4.394599914550781,0.6853954792022705,19.837,0.736,10.44668007,74.256,145,433,2.35564191,46296100141,0.03437761,1.34316062,4183.499983,1.3,45,0.645638881,0.603760311,0.313816736,0.647166779,0.108447645,0.567115302,0.001559798,0.225685011,0.209976935
Jordan,2022,4.2,13.402,782.926,53.155,0.1,61,47,22.84000015,31.538,2.647436164,-17445,-0.234430954,0.217392534,443,58,1.937,4.152100086212158,0.7241126298904419,18.2,0.736,10.44668007,74.215,317,621,-1.552563836,48764963380,-0.032348323,2.56620402,4332.251599,4.2,45,0.640816833,0.580430539,0.302031086,0.64424331,0.086358185,0.569305083,0.002366686,0.219321383,0.210747725
Jordan,2023,2.1,12.194,798.506,55.124,0.02,63,46,22.02000046,31.614,2.678271538,-17445,-0.202734202,0.257768124,431,58,1.94,4.119800090789795,0.9797879457473756,17.969,0.74,10.610568237636357,75.09241818181818,304,870,0.5782715380000001,50967475352,0.126012426,1.653636747,4455.505405,2.1,117,0.637349384,0.574255409,0.302787782,0.640771747,0.102518942,0.57302166,0.002566581,0.226013124,0.20566813
Jordan,2024,2.1,13.347,811.362,44.722,0.02,59,49,22.84000015,31.614,2.678271538,-119323.7121,-0.202734202,0.257768124,431,67,1.998,4.185800075531006,0.9829585552215576,17.969,0.7401363636363636,10.653521212499982,75.10906363636363,269.15151515151956,645.4848485,0.3741859028333323,51917966280.37891,0.041310607,0.720674923,4259.531891969698,2.1,1629,0.634190049,0.574255409,0.29587493,0.624379944,0.101052133,0.57629138,0.002050847,0.22644214,0.203873955
Norway,2012,0.7,2.258,1429.5936,2.651,0,7,85,36.55554199,64.018,2.717959267,47883,1.327469826,1.951031089,632,20,1.569,7.672,1.4951725006103516,3.129,0.941,12.64209366,81.444,25900,7130,2.017959267,5.12777E+11,5.33707954,5.440562169,102175.9193,0.7,1,0.139264467,0.321040446,0.931832516,0.028627255,0.473559993,0.874383322,0.068591018,0.472130893,-0.166433213
Norway,2013,2.1,2.499,1490.1719000000003,1.97,0,5,86,37.54050827,63.678,1.016190824,40690,1.352091908,1.970964313,666,26,1.631,7.765,1.4951725006103516,3.425,0.945,12.67817688,81.667,22237,7392,-1.083809176,5.26014E+11,2.274128537,-0.260184321,103553.8401,2.1,3,0.140204984,0.333714249,0.930723089,0.017665857,0.447482299,0.901947613,0.060084808,0.469791256,-0.164793136
Norway,2014,2,2.821,1501.171,2.056,0,5,86,35.72000122,63.233,2.048131999,38522,1.11995852,2.02431488,643,21,1.552,7.687,1.4951725006103516,3.486,0.949,12.7142601,82.086,19088,7520,0.048131999,5.01736E+11,4.597290141,0.646203788,97666.69518,2,0,0.141094474,0.330121042,0.945817856,0.039022568,0.450664453,0.887906064,0.053403952,0.46394509,-0.161425308
Norway,2015,2.2,3.43,1260.9489,2.48,0,5,88,36.52000046,62.956,1.857339726,30242,1.145620108,1.975250006,678,19,1.534,7.522,1.4951725006103516,4.296,0.952,12.77120972,82.272,14764,6523,-0.342660274,3.8816E+11,5.518731128,1.873994233,74809.9658,2.2,0,0.145938475,0.344759852,0.938086284,0.031185642,0.444772414,0.9177887,0.04258224,0.46833428,-0.161197903
Norway,2016,3.6,3.713,1267.1871,1.998,0,6,85,37.22999954,62.487,1.164724235,26417,1.181620955,1.994457483,685,15,1.506,7.498,1.4951725006103516,4.68,0.956,12.81906033,82.415,15787,6084,-2.435275765,3.70957E+11,1.767244455,-5.032549751,70867.361,3.6,0,0.149516557,0.354402136,0.946602095,0.040794489,0.424511811,0.926540733,0.043320235,0.464744447,-0.157613945
Norway,2017,1.9,3.251,1289.68,1.964,0,3,85,38.02999878,62.07,2.463746285,21657,1.150701761,1.980685711,678,15,1.535,7.537,1.4951725006103516,4.164,0.959,12.94715977,82.624,21787,6849,0.5637462850000001,4.01745E+11,0.820166371,1.468742781,76131.8384,1.9,0,0.146371416,0.339792368,0.946910116,0.046275912,0.441424764,0.931182591,0.058553992,0.477006077,-0.165317331
Norway,2018,2.8,2.941,1401.6393999999998,2.128,0,7,84,41.31531525,62.37,0.828900664,18473,1.120848536,1.922077179,684,16,1.526,7.594,1.4951725006103516,3.801,0.96,12.97539473,82.76,22326,7380,-1.971099336,4.39789E+11,3.274895708,-1.287964042,82792.84271,2.8,0,0.14947054,0.340952606,0.95525112,0.06275498,0.426545606,0.93771149,0.060129296,0.474747984,-0.162638722
Norway,2019,2.2,2.766,1348.6928000000003,2.166,0,7,84,39.22999954,62.733,1.123777874,25707,1.142112136,1.940843463,679,16,1.536,7.554,1.4951725006103516,3.684,0.961,13.00362968,82.955,18445,7967,-1.076222126,4.08743E+11,1.88072511,3.995134026,76430.58895,2.2,1,0.148324285,0.337638438,0.950432451,0.057811368,0.437017895,0.936211191,0.053048915,0.475378458,-0.163527087
Norway,2020,1.3,3.415,1409.2064000000003,1.969,0,7,84,42.65415573,62.127,-1.278171785,11277,1.221605778,1.929921746,624,19,1.562,7.487999916,1.4951725006103516,4.424,0.963,13.06234279,83.195,12712,7455,-2.578171785,3.67633E+11,-3.05429055,-1.115965034,68340.0181,1.3,0,0.156603956,0.36100941,0.940720321,0.049569766,0.419477572,0.900534639,0.03894596,0.452940758,-0.148168401
Norway,2021,3.5,3.038,1537.1152,1.854,0,4,85,40.49764252,62.646,3.908686777,19804,1.088626385,1.907918334,632,19,1.518,7.392499923706055,1.1080878973007202,4.359,0.964,13.06234279,83.234,28483,7051,0.4086867769999998,5.03368E+11,5.564305503,2.816834529,93072.89251,3.5,1,0.152179425,0.336625779,0.943020895,0.062979049,0.446721858,0.906374055,0.073858809,0.475604009,-0.161712292
Norway,2022,5.8,2.141,1395.5025,1.715,0,4,84,42.08821869,63.627,3.005635161,58040,0.861239254,1.760852933,627,18,1.518,7.365099906921387,1.239048719406128,3.231,0.966,13.06234279,83.393,47022,8802,-2.794364839,5.93727E+11,4.364526164,2.421270098,108798.4512,5.8,0,0.164421147,0.321484995,0.942709313,0.114537091,0.434620465,0.90272442,0.117359094,0.484852836,-0.160215844
Norway,2023,5.5,2.334,1452.234,1.233,0,4,84,42.66010916,62.882,0.479647246,53806,0.892857432,1.833981514,614,23,1.594,7.315499782562256,1.5210087299346924,3.572,0.9704545454545452,13.174546568000011,83.69778181818185,30319,9343,-5.020352754,4.85311E+11,2.641902918,2.209066995,87925.09442,5.5,4,0.171382712,0.338623434,0.925898395,0.101474517,0.410329088,0.901776686,0.081064713,0.464343723,-0.146480506
Norway,2024,3.3,2.334,1468.6245000000001,1.233,0,5,81,43.29465187,62.882,0.479647246,32485.69696969696,0.892857432,1.833981514,610,28,1.638,7.301700115203857,1.5165399312973022,3.572,0.9728636363636363,13.222758674181819,83.88915454545457,30868.530303030275,8471.409090909117,-3.459705493,466681863636.3638,1.9125088940605792,1.3969652941818254,83455.15799954557,3.3,0,0.179697509,0.338623434,0.917343314,0.11786632,0.421545808,0.902527041,0.080952294,0.46829488,-0.144298686
Peru,2012,3.7,2.192,476.164,70.695,7.12,83,38,22.14999962,75.918,6.139724706,-118863,-0.907364726,-0.581970215,506,81,2.071,5.321,1.2084059715270996,3.238,0.741,9.082159996,74.544,316,208,2.439724706,1.9265E+11,1.198227069,7.361736834,6519.37853,3.7,1,0.662157585,0.494987254,0.384135242,0.875819409,0.609051966,0.51141877,0.002419264,0.374259237,0.143949174
Peru,2013,2.8,2.62,454.81,69.771,6.321,83,38,21.34000015,75.079,5.852518211,-95214,-0.80573976,-0.574419618,500,81,2.05,5.776,1.2084059715270996,3.575,0.749,9.136059761,74.967,320,224,3.052518211,2.01176E+11,0.117777803,4.757349002,6746.800257,2.8,3,0.634698543,0.480975128,0.439255373,0.862566303,0.604117218,0.511142234,0.002106065,0.372417927,0.131140308
Peru,2014,3.2,2.054,439.226,68.603,5.651,85,38,21.88999939,74.593,2.382157372,-50383,-0.550656915,-0.522552609,515,79,2.052,5.798,1.2084059715270996,3.208,0.754,9.151889801,75.333,396,244,-0.817842628,2.00786E+11,0.416834554,2.12302965,6667.134104,3.2,0,0.617108084,0.472665643,0.446299691,0.825143451,0.570890332,0.523296173,0.001954123,0.365343671,0.125882206
Peru,2015,3.5,2.369,420.739,69.219,5.527,88,36,20.87999916,73.419,3.252244772,2421,-0.398910075,-0.499649614,525,89,2.099,5.824,1.2084059715270996,3.272,0.758,9.094240189,75.621,348,238,-0.247755228,1.89803E+11,-0.349180825,3.86551317,6231.711503,3.5,0,0.612921071,0.466585302,0.442451293,0.814813097,0.561919711,0.526206967,0.002069804,0.363362487,0.124779292
Peru,2016,3.6,2.613,460.417,68.057,5.384,101,35,20.00600210080438,72.557,3.953318715,96740,-0.207934842,-0.496036291,498,90,2.077,5.743,1.2084059715270996,3.741,0.764,9.314760208,75.789,481,257,0.3533187149999999,1.91898E+11,0.795339169,3.546281887,6217.036,3.6,3,0.605861959,0.467654533,0.44659416,0.796707282,0.556644715,0.52328564,0.002349059,0.360723729,0.122569115
Peru,2017,2.8,2.569,444.134,68.057,5.268,96,37,19.24397099967814,74.154,2.518835442,114382,-0.26350987,-0.523281574,505,87,2.051,5.715,1.2084059715270996,3.691,0.765,9.535280228,75.879,492,302,-0.281164558,2.11008E+11,0.673679943,3.513331494,6736.166937,2.8,1,0.604983519,0.470187508,0.451001983,0.795946544,0.569860984,0.545181832,0.002432234,0.372454434,0.116264542
Peru,2018,1.3,2.344,485.088,68.451,4.178,105,35,21.90999985,74.484,3.969351341,339067,-0.276880771,-0.566743374,493,83,2.041,5.663,1.2084059715270996,3.492,0.77,9.755800247,76.009,628,266,2.6693513409999996,2.22597E+11,-0.35494272,2.638246195,6978.491215,1.3,1,0.597136026,0.431595338,0.453989845,0.813981742,0.594740279,0.55320941,0.002567425,0.383467354,0.106834336
Peru,2019,2.1,2.445,485.721,68.362,3.487,101,36,17.71990879742566,74.748,2.240631769,74270,-0.163622618,-0.520058036,502,84,2.055,5.697,1.2084059715270996,3.379,0.774,9.885518863,76.156,620,262,0.140631769,2.28346E+11,-0.219078278,2.091289834,7037.008037,2.1,2,0.583217738,0.419238778,0.458324758,0.788914177,0.579504429,0.569653357,0.002471725,0.383838116,0.099689811
Peru,2020,1.8,5.904,490.979,70.141,6.819,94,38,16.95787769629942,63.976,-10.9333065,55375,-0.357722938,-0.382843524,482,95,2.105,5.796800136566162,1.2084059715270996,7.179,0.758,10.01696229,73.665,450,181,-12.7333065,2.0141E+11,0.933541643,0.329387076,6133.325524,1.8,4,0.658694224,0.630741462,0.438609386,0.784148225,0.36707184,0.565060718,0.001748145,0.311262438,0.173715893
Peru,2021,4,4.076,484.862,68.396,3.248,105,36,16.19584659517318,68.264,13.35522951,41868,-0.355252951,-0.532514691,505,102,2.153,5.839600086212158,0.8328760862350464,5.097,0.755,10.01696229,72.377,639,258,9.35522951,2.26354E+11,0.869839103,3.155353351,6826.972007,4,4,0.592469426,0.392299111,0.428393168,0.813680094,0.573557445,0.58184904,0.002648987,0.385979889,0.103244769
Peru,2022,7.9,3.569,532.758,74.36,3.112,101,36,13.62472057,71.606,2.725500216,33982,-0.487095445,-0.552831411,517,103,2.198,5.559100151062012,0.8646109104156494,3.85,0.762,10.01696229,73.385,3129,388,-5.174499784,2.46489E+11,-0.238267394,4.544400292,7363.272069,7.9,12,0.615653447,0.415204461,0.400262098,0.832202691,0.506329327,0.590608164,0.008534748,0.368453897,0.123599775
Peru,2023,6.3,4.111,521.051,71.648,3.106,87,40,14.43714046,69.125,-0.550182306,24783,-0.521785557,-0.538132668,521,104,2.212,5.525899887084961,1.1534433364868164,4.899,0.7688545454545457,10.245132547909066,73.80032727272726,1515,323,-6.850182306,2.67603E+11,0.551591039,1.464202455,7906.585029,6.3,85,0.619505323,0.447596412,0.401583609,0.812689038,0.466669446,0.610896935,0.00445832,0.360638833,0.129433245
Peru,2024,2.5,4.111,525.862,71.648,3.03,127,31,13.909753291794459,69.125,-0.550182306,129808.5151515156,-0.521785557,-0.538132668,519,99,2.179,5.840899944,1.1799687147140503,4.899,0.770481818,10.361645606454545,73.61969999999997,1714.969696969667,320.1515151515123,-4.427587504,251151909090.9082,0.2570838666212154,1.4078773174242087,7328.884652787878,2.5,177,0.622550247,0.445595559,0.43962248,0.861864448,0.484081176,0.618306435,0.004890144,0.369055676,0.126747286
Thailand,2012,3,0.28,508.813,75.8,0.135,88,37,16.89999962,72.403,7.242796202,74033,-1.216630697,-0.172369108,444,124,2.344,5.823,1.3475195169448853,0.58,0.752,7.809883277,76.772,3179,2539,4.242796202,3.97558E+11,3.587038581,3.244564443,5725.528028,3,11,0.582422786,0.260915436,0.380454429,0.866982095,0.582885062,0.369313447,0.011492208,0.321198116,0.130612335
Thailand,2013,2.2,0.121,621.976,75.8,0.056,102,35,16.89999962,69.796,2.687495563,67452,-1.311682701,-0.139277548,444,123,2.295,6.371,1.3475195169448853,0.249,0.754,7.909060001,77.083,3409,2636,0.4874955629999999,4.20334E+11,2.883779237,3.791264509,6018.082447,2.2,11,0.5716301,0.273646777,0.443819566,0.885234595,0.526875976,0.376863102,0.012210492,0.305285992,0.133172054
Thailand,2014,1.9,0.265,617.774,75.8,0.1,85,38,14.0189991,69.392,0.984468864,55358,-0.906386316,-0.220402136,478,130,2.353,6.412,1.3475195169448853,0.576,0.785,8.044580142,77.415,3518,2164,-0.915531136,4.07339E+11,1.40957646,1.22145318,5801.197892,1.9,11,0.549803008,0.288012096,0.468474341,0.830036225,0.512295126,0.411996855,0.011449794,0.311882734,0.118960137
Thailand,2015,-0.9,0.3,624.064,74.636,0.1,76,38,14.4787693,68.856,3.134047249,32500,-0.995044947,-0.188114643,454,127,2.314,6.455,1.3475195169448853,0.597,0.789,8.180100282,77.717,3313,2072,4.034047249,4.01296E+11,1.243732276,2.22468549,5688.853354,-0.9,26,0.543215972,0.278722529,0.485600261,0.836688628,0.541902558,0.404794842,0.010998975,0.319200202,0.112007885
Thailand,2016,0.2,0.333,625.86,74.867,0.1,101,35,19.06999969,67.845,3.435157717,112978,-0.991300225,-0.02823071,472,109,2.189,6.474,1.3475195169448853,0.688,0.793,8.315620422,78.049,4003,1826,3.235157717,4.13366E+11,3.239895788,0.843364341,5833.577156,0.2,29,0.530414421,0.278919615,0.519951652,0.832434439,0.52490717,0.428249763,0.01200055,0.321686989,0.104363716
Thailand,2017,0.7,0.424,631.909,67.523,0.025,96,37,14.62509537,66.965,4.177681032,66805,-0.754879415,0.013869789,498,113,2.218,6.424,1.3475195169448853,0.83,0.795,8.343885422,78.394,4192,2264,3.4776810319999996,4.56357E+11,3.107661534,1.815502601,6413.091825,0.7,27,0.517474835,0.276028991,0.511025056,0.787575827,0.51685483,0.449379489,0.013162765,0.326433048,0.095520893
Thailand,2018,1.1,0.394,660.936,64.982,0.1,99,36,19.31999969,67.28,4.222870287,10984,-0.799416125,-0.004031189,485,112,2.205,6.072,1.3475195169448853,0.765,0.796,8.372150421,78.662,4243,2653,3.122870287,5.06754E+11,3.379806519,2.712798351,7099.776501,1.1,38,0.53145126,0.276694708,0.482872268,0.800690793,0.517811037,0.442042061,0.013940412,0.324565377,0.103442942
Thailand,2019,0.7,0.334,669.244,75.8,0.061,101,36,20.37000084,66.46,2.114557796,5221,-0.491406113,0.088741794,476,110,2.206,6.008,1.3475195169448853,0.716,0.801,8.697119713,78.975,4244,2345,1.4145577960000002,5.43977E+11,1.868378625,1.017348776,7605.696578,0.7,40,0.517852512,0.284295894,0.482278963,0.751695978,0.496405473,0.460210439,0.013286121,0.323268348,0.097292082
Thailand,2020,-0.8,0.66,694.119,75.8,0.1,104,36,16.15076065,66.285,-6.050038469,32277,-0.578270495,0.111505389,419,111,2.22,5.998799800872803,1.3475195169448853,1.099,0.8,8.834560711,79.274,3140,2177,-5.250038469,5.00462E+11,3.717788023,-0.857989527,6985.643939,-0.8,41,0.536824747,0.328480727,0.477179484,0.759334061,0.446557579,0.429067057,0.010355048,0.295297029,0.120763859
Thailand,2021,1.2,0.739,710.375,75.8,0.1,110,35,16.16525459,66.139,1.568181765,-2093,-0.568779886,0.093798831,419,105,2.183,5.9847002029418945,0.9573325514793396,1.215,0.797,8.834560711,78.715,2723,2036,0.3681817650000001,5.06256E+11,3.833984555,3.039881536,7058.0695,1.2,39,0.527012733,0.296265422,0.480954744,0.765885639,0.485311836,0.429067057,0.00974844,0.30801164,0.109500546
Thailand,2022,6.1,0.514,757.172,75.8,0.1,101,36,22.48999977,66.549,2.462769341,21683,-0.393339306,0.065747418,423,102,2.169,5.891200065612793,1.0955945253372192,0.94,0.803,8.834560711,79.68,3862,2564,-3.637230659,4.95645E+11,1.574820679,2.391795941,6909.359975,6.1,142,0.515999894,0.287571418,0.482148153,0.742731231,0.461087812,0.431986765,0.012928489,0.301970822,0.107014536
Thailand,2023,1.2,0.358,778.777,75.8,0.1,108,35,17.05516052,66.407,1.887257251,19648,-0.280302882,0.244872749,416,86,2.098,5.8429999351501465,1.344265341758728,0.733,0.8149454545454535,9.049783832709096,79.87276363636363,3619,2552,0.6872572510000001,5.14969E+11,2.655587901,1.265328501,7182.025258,1.2,275,0.497166053,0.286631993,0.506876336,0.711891669,0.49058825,0.443260761,0.012223978,0.315326127,0.090919963
Thailand,2024,0.5,0.358,816.902,75.8,0.097,107,34,16.89999962,66.407,1.887257251,664.7424242440611,-0.280302882,0.244872749,415,76,2.048,5.976099967956543,1.3467154502868652,0.733,0.8194818181818171,9.161473837963626,80.14343636363628,3694.530303030304,2343.318181818182,-1.776620069,545506363636.3633,2.7874165540909104,1.0826830267121466,7556.925153015123,0.5,126,0.489482969,0.286553012,0.535312848,0.717355603,0.472879813,0.451033041,0.012074395,0.31196455,0.08875921
United Kingdom,2012,2.8,5.929,1275.395,5.217,,17,74,36.95000076,56.858,1.508998374,172088,0.402270734,1.729413867,,42,1.823,7.023,1.4578449726104736,8.25,0.91,13.33852959,80.866,,,-1.291001626,2.70709E+12,0.444150056,1.726975994,42497.3405,2.8,0,,,0.781131412,0.228695239,0.370078737,0.966084425,,,
United Kingdom,2013,2.6,5.571,1286.441,4.393,,14,76,37.86000061,57.202,1.799921494,237272,0.486201435,1.689380884,,40,1.765,6.883,1.4578449726104736,7.704,0.923,12.83395004,80.929,,,-0.800078506,2.78485E+12,1.660802198,1.95605174,43426.29814,2.6,0,,,0.795686979,0.212665408,0.377436226,0.927674186,,,
United Kingdom,2014,1.5,4.586,1306.171,4.161,,14,78,38.97999954,58.156,3.194637313,306091,0.415347636,1.87468195,,45,1.801,6.892,1.4578449726104736,6.363,0.924,12.88897991,81.16,,,1.694637313,3.06471E+12,-3.71700461,1.921567748,47439.61659,1.5,0,,,0.789477502,0.186909981,0.405985421,0.931863239,,,
United Kingdom,2015,0,3.982,1332.839,4.166,,11,81,39.78941345,58.793,2.222888449,347839,0.503706396,1.770688176,,38,1.767,6.867,1.4578449726104736,5.517,0.923,12.97976335,80.924,,,2.222888449,2.92791E+12,-2.055288345,1.548321685,44964.39114,0,0,,,0.793772388,0.172958317,0.41687262,0.93877397,,,
United Kingdom,2016,0.7,3.601,1512.806,4.037,,10,81,40.57490158,59.344,1.921710078,324649,0.347932637,1.639998436,,41,1.809,6.725,1.4578449726104736,4.867,0.926,13.07054679,81.075,,,1.221710078,2.68911E+12,1.223762287,12.07885281,40985.23514,0.7,0,,,0.774595048,0.208316996,0.41581019,0.945684702,,,
United Kingdom,2017,2.7,3.277,1579.849,8.999,,8,82,44.09000015,59.603,2.656504893,272311,0.380680293,1.645065308,,40,1.818,6.714,1.4578449726104736,4.452,0.929,13.16133022,81.168,,,-0.043495107,2.68015E+12,6.419193347,4.677309144,40572.12148,2.7,0,,,0.774847563,0.198249741,0.409599844,0.952595432,,,
United Kingdom,2018,2.5,3.033,1664.32,6.512,,11,80,41.59309006,60.024,1.405190266,259744,0.077085562,1.603179216,,48,1.869,6.814,1.4578449726104736,4.12,0.928,13.24292692,81.125,,,-1.094809734,2.87134E+12,-0.997169642,-0.872604334,43203.81411,2.5,0,,,0.771377757,0.251211217,0.406730024,0.958806839,,,
United Kingdom,2019,1.8,2.66,1800.099,6.512,,12,77,42.99925995,60.335,1.624475159,232727,0.526694298,1.569929242,,40,1.801,7.054,1.4578449726104736,3.613,0.933,13.32452361,81.725,,,-0.175524841,2.85141E+12,-0.753954193,0.694070008,42662.53537,1.8,0,,,0.814161885,0.217387012,0.416798917,0.965018245,,,
United Kingdom,2020,0.9,3.247,1923.392,6.512,,11,77,47.24000168,59.746,-10.29691887,144221,0.483050257,1.463964343,,52,1.888,7.1645002365112305,1.4578449726104736,4.472,0.92,13.4061203,80.434,,,-11.19691887,2.69678E+12,0.607703722,5.82864206,40201.68124,0.9,0,,,0.790360421,0.236052166,0.331029449,0.97122965,,,
United Kingdom,2021,2.6,3.807,2007.357,6.512,,11,78,48.66999817,58.958,8.575950905,462967,0.489994138,1.395513654,,36,1.718,7.063600063323975,1.061990499,4.826,0.931,13.4061203,80.742,,,5.9759509049999995,3.14332E+12,5.113966955,0.160847823,46896.86624,2.6,0,,,0.831588403,0.238392906,0.445683358,0.97122965,,,
United Kingdom,2022,9.1,2.814,2248.521,6.512,,18,73,40.20496368,59.596,4.839085147,487029,0.533176064,1.413798213,,36,1.727,6.942500114440918,1.1430999040603638,3.73,0.94,13.4061203,82.156,,,-4.260914853,3.11404E+12,4.010521485,1.441788923,45935.92765,9.1,0,,,0.828355136,0.25817707,0.379210388,0.97122965,,,
United Kingdom,2023,7.3,2.924,2539.652,6.512,,20,71,41.77133179,59.323,0.339966158,445523,0.514935672,1.398365974,,32,1.699,6.795599937438965,1.3662347793579102,3.984,0.9365636363636365,13.462080470545459,81.40087272727271,,,-6.960033842,3.38085E+12,1.890865403,-2.645459686,49463.85546,7.3,0,,,0.81747678,0.273261579,0.356772414,0.975489521,,,
United Kingdom,2024,2.6,2.924,2419.425409,6.512,,20,71,45.908695395757604,59.323,0.339966158,422416.6060606092,0.514935672,1.398365974,,34,1.703,6.749000072479248,1.3261128664016724,3.984,0.9383090909090908,13.507898256090911,81.44792727272727,,,-4.313808515,3.14672E+12,3.4004076445150986,0.4819805387423912,45822.37786530313,2.6,0,,,0.814227198,0.273261579,0.375791426,0.97897732,,,
United States,2012,2.1,8.069000244,1257,36.878,0,19,73,40.65999985,58.017,2.289113388,1632007,0.632442117,1.620341778,0,123,2.331,7.126,1.416264185901478,8.069,0.92,13.14148045,78.944,52057,88240,0.189113388,1.6254E+13,2.320909907,1.540208331,51784.41147,2.1,27,0.313400012,0.407021691,0.686804977,0.220077351,0.393617654,0.451084403,0.239881711,0.36149177,-0.024045879
United States,2013,1.5,7.375,1257,36.362,0,19,73,41.5,58.108,2.117830099,1663885,0.643072605,1.549427629,0,128,2.334,7.082,1.4075193607289174,7.375,0.922,13.20003033,78.951,52502,91379,0.617830099,1.68807E+13,2.32689637,1.70686814,53409.75078,1.5,31,0.313112167,0.395981607,0.684298131,0.227746967,0.397711871,0.455541411,0.245295255,0.366146227,-0.02651703
United States,2014,1.6,6.168000221,1257,35.865,0,17,74,41.88999939,58.595,2.523819814,1672598,0.582419634,1.606974125,0,128,2.342,7.121,1.4152704557682325,6.168,0.923,13.22457981,79.017,57023,92615,0.923819814,1.76081E+13,2.200851674,1.430338631,55304.31553,1.6,65,0.302910783,0.373621871,0.687154478,0.222355837,0.405331957,0.457410197,0.25701489,0.373215023,-0.03515212
United States,2015,0.1,5.28000021,1257,35.905,0,16,76,42.34000015,58.979,2.945550455,1722127,0.662890196,1.563012362,0,132,2.362,7.119,1.414872963714934,5.28,0.924,13.25187969,78.869,60831,102233,2.845550455,1.8295E+13,1.651110611,2.795482202,57040.20821,0.1,57,0.293406721,0.356619443,0.683552221,0.207240972,0.423418225,0.459488353,0.279133936,0.387308103,-0.046950691
United States,2016,1.3,4.868999958,1257,35.696,0,18,74,43.50999832,59.391,1.819451475,1889129,0.385635316,1.580597401,0,131,2.38,7.104,1.4118917733151977,4.869,0.926,13.34290981,78.848,68755,110131,0.519451475,1.88049E+13,1.594343989,2.522681174,58206.61419,1.3,46,0.307927059,0.35467978,0.680309804,0.249503588,0.411286064,0.466417862,0.307746503,0.395110628,-0.043591785
United States,2017,2.1,4.355000019,1257,35.968,0,16,75,44.66316605,59.824,2.457622303,1864738,0.262138307,1.608979344,0,129,2.423,6.993,1.3898309643571478,4.355,0.928,13.41329002,78.821,73833,119491,0.357622303,1.96121E+13,2.087552879,1.941775542,60322.26142,2.1,50,0.311911234,0.343069815,0.662644272,0.255401742,0.414942748,0.471775433,0.332061265,0.406219189,-0.047153978
United States,2018,2.4,3.895999908,1257,36.036,0,22,71,45.16999817,60.153,2.966505069,1764961,0.386239082,1.475687265,0,133,2.494,6.886,1.3685651395056941,3.896,0.93,13.50162029,78.99,79785,130984,0.566505069,2.06565E+13,-0.632826949,1.039454088,63201.04585,2.4,61,0.324309667,0.332975924,0.639021717,0.279072097,0.420106183,0.478499421,0.361264216,0.419914611,-0.047802472
United States,2019,1.8,3.681999922,1257,35.938,0,23,69,46.34811783,60.542,2.58382533,1774500,0.118298575,1.42417264,0,132,2.523,6.932,1.3777074567315528,3.669,0.933,13.59252501,79.138,89039,142637,0.78382533,2.154E+13,0.533551978,1.466965014,65604.68152,1.8,63,0.339897828,0.330830794,0.639969785,0.328934454,0.425998129,0.485419384,0.398187153,0.436491235,-0.048296704
United States,2020,1.2,3.681999922,1257,34.903,0,22.59012016,69,48.09000015,56.598,-2.163029139,329769,-0.027899733,1.336493731,0,134,2.527,7.183,1.4275927094204763,8.055,0.923,13.68342972,77.414,76379,128711,-3.363029139,2.13541E+13,1.322139233,0.641871902,64411.37318,1.2,65,0.377768182,0.426763832,0.651048061,0.357702116,0.352292514,0.492339347,0.350471768,0.398328039,-0.010279929
United States,2021,4.7,3.681999922,1257,36.352,0,27,67,47.91442108,58.211,6.055052933,674787,-0.014424653,1.389156938,0,136,2.602,7.063,1.4037431862225846,5.349,0.921,13.57549953,77.198,80212,142298,1.355052933,2.36812E+13,1.443991093,2.009212298,71318.30736,4.7,55,0.361044061,0.343838666,0.620946101,0.360347943,0.404156965,0.484123349,0.378216356,0.42212334,-0.030539639
United States,2022,8,3.681999922,1257,35.615,0,24,69,48.11999893,59.539,2.51237532,1319009,0.008700687,1.369202018,0,131,2.567,6.977,1.3866510279307622,3.65,0.927,13.57549953,78.203,113543,176483,-5.48762468,2.60069E+13,1.493873182,1.572590774,78035.17536,8,79,0.350765681,0.330828153,0.62756736,0.34914149,0.369759275,0.484123349,0.500016366,0.451254533,-0.050244426
United States,2023,4.1,3.681999922,1257,35.316,0,24,69,49.14236069,59.821,2.887556009,1322668,0.029424749,1.327677846,0,130,2.565,6.796,1.3506779971072753,3.638,0.9280727272727272,13.730532547272716,77.77139999999997,112104,179367,-1.212443991,2.77207E+13,1.638067771,1.258207357,82769.41221,4.1,104,0.35602174,0.328940228,0.612645841,0.351877649,0.403624938,0.495924968,0.500832166,0.466747344,-0.055362802
United States,2024,3,3.681999922,1257,35.364,0,25.72229639519378,69,50.23721949227274,59.821,2.887556009,994255.5,0.029424749,1.327677846,0,134.6060606060605,2.6318030303030326,6.725,1.3365670292151892,4.022,0.9285545454545454,13.784064574999988,77.63643636363634,110810.2424242422,178960.63636363484,-2.372068593,2.69586E+13,0.86532388,1.317382361090921,80189.05210757535,3,99,0.365214942,0.335474187,0.591597434,0.351877649,0.395290456,0.5,0.497401859,0.464184349,-0.049484703